Chr,Pos,Ref,Effect,SNP,Est,Est.SE,Score.pval,Effect_freq,Nearest_Gene
3,16609598,A,G,3:16609598,0.6511906338827622,0.15159152293658276,1.7414850158896162e-5,0.6932888540031397,DAZL
3,87943138,G,T,3:87943138,-0.6972619324386573,0.166868541202105,2.9342460000273388e-5,0.8169152276295133,HTR1F
13,47712209,A,T,13:47712209,0.6476002003275877,0.14510536893222897,8.083321512990824e-6,0.42700156985871274,SUCLA2
17,38917279,G,A,17:38917279,-0.7517871984279858,0.18248115003215115,3.7918917212775964e-5,0.8573390894819466,LASP1
19,28492903,C,T,19:28492903,-0.8854405024696713,0.19202066669415896,4.004032428461133e-6,0.8742150706436421,UQCRFS1
